<?xml version="1.0" encoding="UTF-8"?>
<!DOCTYPE suite SYSTEM "https://testng.org/testng-1.0.dtd">
<suite name="Suite">
<listeners>
<listener class-name="TestCases.ListenerA"></listener>
</listeners>
<groups>
<run>
<include name="loginTest"></include>
</run>
</groups>
<parameter name="username" value="sel@132"></parameter>
  <test thread-count="5" name="Test">
    <classes>
      <class name="TestCases.WebsiteTest"/>
      <class name="TestCases.MobileTest"/>
       </classes>
  </test> <!-- Test -->
</suite> <!-- Suite -->
<!-- https://mvnrepository.com/artifact/io.cucumber/cucumber-java -->
<dependency>
    <groupId>io.cucumber</groupId>
    <artifactId>cucumber-java</artifactId>
    <version>7.13.0</version>
</dependency>

